focus,eye_ori_x,eye_ori_y,eye_ori_z,head_x,head_y,head_z,exp_id,gender,age,game_exp,vr_exp
FocusIn,0.6637212,0.04595401,-0.7465502,-13.93616,9.721025,7.843766,User_14,1,2,5,1
FocusIn,0.2700753,-0.07191037,0.9601395,-13.94611,9.728756,7.853492,User_14,1,2,5,1
FocusIn,0.1330421,-0.117974,0.9840527,-13.95983,9.728779,7.865125,User_14,1,2,5,1
FocusIn,0.180401,-0.1103683,0.9773731,-13.98145,9.7276,7.879889,User_14,1,2,5,1
FocusIn,0.177668,-0.1097834,0.9779394,-13.98177,9.727645,7.880125,User_14,1,2,5,1
FocusIn,0.0821178,-0.1084438,0.9906919,-13.94627,9.732718,7.864314,User_14,1,2,5,1
FocusIn,0.07918948,-0.1077949,0.9910011,-13.94655,9.73273,7.864677,User_14,1,2,5,1
FocusIn,0.121508,-0.1188016,0.9854456,-13.95013,9.733135,7.868665,User_14,1,2,5,1
FocusIn,0.1296822,-0.112323,0.985163,-13.96515,9.73262,7.879262,User_14,1,2,5,1
FocusIn,0.1233492,-0.09745353,0.9875583,-13.98456,9.733737,7.895004,User_14,1,2,5,1
FocusIn,0.003466351,0.05893111,0.9982508,-14.00282,9.733445,7.904537,User_14,1,2,5,1
FocusIn,-0.0968487,0.05938853,0.9935085,-13.99136,9.735881,7.902145,User_14,1,2,5,1
FocusIn,-0.1071539,0.04535122,0.9931964,-13.98039,9.736796,7.904024,User_14,1,2,5,1
FocusIn,-0.1095482,0.04571436,0.9929185,-13.98077,9.736754,7.904373,User_14,1,2,5,1
FocusIn,-0.1049622,0.03759616,0.9937559,-13.98268,9.736697,7.907531,User_14,1,2,5,1
FocusIn,-0.09423278,0.03724219,0.994844,-14.00255,9.734788,7.918286,User_14,1,2,5,1
FocusIn,-0.09923135,0.03489708,0.9944384,-13.99609,9.736091,7.923934,User_14,1,2,5,1
FocusIn,-0.1000064,0.03613217,0.9943255,-14.03084,9.733497,7.950028,User_14,1,2,5,1
FocusIn,-0.05805792,0.0484795,0.99712,-14.06647,9.72987,7.957495,User_14,1,2,5,1
FocusIn,-0.05699291,0.03593316,0.9977181,-14.07001,9.72946,7.960679,User_14,1,2,5,1
FocusIn,-0.3836132,0.09257574,0.9188324,-14.05398,9.730885,7.969286,User_14,1,2,5,1
FocusIn,-0.4826364,0.09616885,0.870519,-14.05458,9.731104,7.972369,User_14,1,2,5,1
FocusIn,-0.5566853,0.06056588,0.8284995,-14.05317,9.734445,8.02465,User_14,1,2,5,1
FocusIn,-0.7683619,0.02906148,0.6393484,-14.02434,9.740673,8.050602,User_14,1,2,5,1
FocusIn,-0.8527204,0.006970863,0.5223018,-14.04555,9.737041,8.039473,User_14,1,2,5,1
FocusIn,-0.8311443,-0.2991188,0.468728,-14.06488,9.724628,8.04741,User_14,1,2,5,1
FocusIn,-0.8786163,-0.281524,0.3856775,-14.04433,9.723182,8.127505,User_14,1,2,5,1
FocusIn,-0.7541148,-0.6143107,0.2321689,-14.07897,9.703549,8.112729,User_14,1,2,5,1
FocusIn,-0.7483151,-0.625122,0.2218834,-14.08545,9.700654,8.113599,User_14,1,2,5,1
FocusIn,-0.7672698,-0.6306249,-0.116553,-14.18313,9.679121,8.13735,User_14,1,2,5,1
FocusIn,-0.6700248,-0.09827823,-0.735781,-14.34766,9.700391,8.098388,User_14,1,2,5,1
FocusIn,-0.6676175,-0.09709165,-0.7381231,-14.34783,9.700662,8.098526,User_14,1,2,5,1
FocusIn,-0.660084,-0.09375335,-0.7453012,-14.35007,9.703835,8.100052,User_14,1,2,5,1
FocusIn,-0.6798027,-0.1404435,-0.7198142,-14.35075,9.708677,8.102013,User_14,1,2,5,1
FocusIn,-0.6775726,-0.1392005,-0.7221546,-14.35095,9.70897,8.102185,User_14,1,2,5,1
FocusIn,-0.6843098,-0.1443056,-0.7147676,-14.35071,9.712421,8.100686,User_14,1,2,5,1
FocusIn,-0.6285002,-0.08078954,-0.7735832,-14.32963,9.712953,8.077815,User_14,1,2,5,1
FocusIn,-0.5469416,-0.02344564,-0.8368225,-14.32356,9.714791,8.072991,User_14,1,2,5,1
FocusIn,-0.4018433,-0.0217748,-0.9154406,-14.34119,9.72008,8.09127,User_14,1,2,5,1
FocusIn,-0.2935166,-0.02554832,-0.9556063,-14.34424,9.722964,8.094604,User_14,1,2,5,1
FocusIn,0.01814104,-0.008015564,-0.9997972,-14.40701,9.73446,8.123159,User_14,1,2,5,1
FocusIn,0.1123309,-0.020898,-0.9934407,-14.3826,9.730176,8.112864,User_14,1,2,5,1
FocusIn,0.1631389,-0.009302753,-0.9865422,-14.39907,9.731496,8.11366,User_14,1,2,5,1
FocusIn,0.1664679,-0.009339814,-0.9859856,-14.39926,9.73151,8.113565,User_14,1,2,5,1
FocusIn,0.1455146,-0.02983209,-0.9888972,-14.41273,9.734713,8.117256,User_14,1,2,5,1
FocusIn,0.1294881,0.02521934,-0.9912551,-14.3736,9.72628,8.104136,User_14,1,2,5,1
FocusIn,0.1465226,0.01814131,-0.9890369,-14.38752,9.727704,8.104163,User_14,1,2,5,1
FocusIn,0.1543302,-0.009719585,-0.9879619,-14.40796,9.730638,8.105198,User_14,1,2,5,1
FocusIn,0.1494061,-0.02646098,-0.9884101,-14.41175,9.730191,8.102459,User_14,1,2,5,1
FocusIn,0.1583255,-0.02650685,-0.9870194,-14.4122,9.729898,8.101455,User_14,1,2,5,1
FocusIn,0.1377007,-0.01457566,-0.9903624,-14.39994,9.726767,8.097173,User_14,1,2,5,1
FocusIn,0.1427591,-0.009623811,-0.9897008,-14.39562,9.724618,8.092353,User_14,1,2,5,1
FocusIn,0.1455723,-0.01000163,-0.9892872,-14.39571,9.724533,8.091973,User_14,1,2,5,1
FocusIn,0.1481454,-0.01031573,-0.9889019,-14.39578,9.724454,8.091622,User_14,1,2,5,1
FocusIn,0.1309722,-0.01478858,-0.9912719,-14.39099,9.723265,8.088446,User_14,1,2,5,1
FocusIn,0.1332145,-0.0150023,-0.9909698,-14.39102,9.723205,8.088098,User_14,1,2,5,1
FocusIn,0.12265,-0.009088242,-0.9923953,-14.38271,9.72153,8.084832,User_14,1,2,5,1
FocusIn,0.1248748,-0.00926572,-0.9921162,-14.38272,9.721511,8.084412,User_14,1,2,5,1
FocusIn,0.1278732,-0.007483817,-0.9917486,-14.38648,9.721841,8.077287,User_14,1,2,5,1
FocusIn,0.4603176,-0.000714491,-0.8877506,-14.38052,9.726902,8.05009,User_14,1,2,5,1
FocusIn,0.4831981,-0.3921088,-0.7827952,-14.37885,9.736101,8.010677,User_14,1,2,5,1
FocusIn,0.47968,0.02798521,-0.876995,-14.35427,9.740122,7.987201,User_14,1,2,5,1
FocusIn,0.4257078,0.05888403,-0.9029336,-14.29664,9.732835,8.000508,User_14,1,2,5,1
FocusIn,0.4676361,0.05026036,-0.8824842,-14.31971,9.736674,7.968257,User_14,1,2,5,1
FocusIn,0.4295385,-0.08916156,-0.898621,-14.2381,9.731944,7.911558,User_14,1,2,5,1
FocusIn,0.4741658,-0.1074337,-0.8738436,-14.26109,9.736466,7.887976,User_14,1,2,5,1
FocusIn,0.4758441,-0.107804,-0.872885,-14.26048,9.736454,7.887013,User_14,1,2,5,1
FocusIn,0.4631592,-0.09660223,-0.8809788,-14.24945,9.735015,7.884502,User_14,1,2,5,1
FocusIn,0.5774655,-0.08385055,-0.8120778,-14.22634,9.732026,7.859561,User_14,1,2,5,1
FocusIn,0.9467642,-0.008638971,-0.3217678,-14.21612,9.738736,7.782722,User_14,1,2,5,1
FocusIn,0.948425,0.006323304,-0.316895,-14.19897,9.740279,7.764284,User_14,1,2,5,1
FocusIn,0.9652296,0.03012264,-0.2596084,-14.16938,9.736238,7.771187,User_14,1,2,5,1
FocusIn,0.5804735,0.0190848,-0.8140439,-14.08626,9.758163,7.759502,User_14,1,2,5,1
FocusIn,0.4124165,0.0434034,-0.9099495,-14.07814,9.757606,7.768282,User_14,1,2,5,1
FocusIn,0.4174722,0.06843004,-0.9060925,-14.08076,9.758634,7.758519,User_14,1,2,5,1
FocusIn,0.4709235,0.06495296,-0.8797681,-14.09152,9.760147,7.745187,User_14,1,2,5,1
FocusIn,0.5179182,0.04223352,-0.8543746,-14.10772,9.762133,7.730124,User_14,1,2,5,1
FocusIn,0.3675449,0.1967079,-0.9089484,-14.12444,9.762574,7.711267,User_14,1,2,5,1
FocusIn,0.3153298,0.2374598,-0.9187853,-14.12594,9.762971,7.709282,User_14,1,2,5,1
FocusIn,0.2865874,0.2343982,-0.9289246,-14.11713,9.762525,7.709103,User_14,1,2,5,1
FocusIn,-0.5992775,0.2324764,-0.7660261,-14.09687,9.784789,7.626409,User_14,1,2,5,1
FocusIn,-0.6692501,-0.2499548,-0.6997227,-14.11116,9.758215,7.611164,User_14,1,2,5,1
FocusIn,-0.6396602,-0.5704134,-0.515197,-14.22215,9.720261,7.617347,User_14,1,2,5,1
FocusIn,-0.6981554,-0.5081173,-0.5043639,-14.25618,9.706978,7.586342,User_14,1,2,5,1
FocusIn,-0.881217,-0.2777737,-0.3824798,-14.27848,9.709892,7.605936,User_14,1,2,5,1
FocusIn,-0.9414047,-0.3018628,-0.1503822,-14.40102,9.732479,7.541737,User_14,1,2,5,1
FocusIn,-0.9518777,-0.305503,-0.02396784,-14.47073,9.742725,7.47607,User_14,1,2,5,1
FocusIn,-0.951309,-0.3076541,-0.01825736,-14.47728,9.744608,7.500105,User_14,1,2,5,1
FocusIn,-0.9524233,-0.3043422,-0.01564143,-14.47594,9.743504,7.468782,User_14,1,2,5,1
FocusIn,-0.9817494,0.09131556,-0.1668107,-14.50834,9.757097,7.488235,User_14,1,2,5,1
FocusIn,-0.9782357,0.09689163,-0.1834645,-14.51209,9.758111,7.501037,User_14,1,2,5,1
FocusIn,-0.9823075,0.08801462,-0.1652083,-14.50997,9.757706,7.486618,User_14,1,2,5,1
FocusIn,-0.9822463,0.0882576,-0.165442,-14.51007,9.757757,7.486585,User_14,1,2,5,1
FocusIn,-0.9933859,-0.109293,-0.03480542,-14.51108,9.759455,7.466827,User_14,1,2,5,1
FocusIn,-0.9877859,-0.1518932,-0.03429417,-14.51308,9.75862,7.47733,User_14,1,2,5,1
FocusIn,-0.9912757,-0.1297622,-0.02235313,-14.50532,9.754896,7.451421,User_14,1,2,5,1
FocusIn,-0.9875844,-0.149788,-0.0471756,-14.51216,9.756823,7.489939,User_14,1,2,5,1
FocusIn,-0.8628432,-0.2060888,-0.4615163,-14.50225,9.75798,7.439982,User_14,1,2,5,1
FocusIn,-0.7979511,0.07255346,-0.5983098,-14.5038,9.757906,7.437761,User_14,1,2,5,1
FocusIn,-0.7870967,0.0468349,-0.6150391,-14.50114,9.759913,7.436648,User_14,1,2,5,1
FocusIn,-0.7367606,0.05102713,-0.6742056,-14.51457,9.764224,7.462109,User_14,1,2,5,1
FocusIn,-0.7067435,-0.1437086,-0.6927086,-14.53269,9.77243,7.475347,User_14,1,2,5,1
FocusIn,-0.7342543,-0.003248693,-0.6788492,-14.53302,9.774778,7.471465,User_14,1,2,5,1
FocusIn,-0.5404233,0.06869775,-0.8385651,-14.5435,9.779868,7.445899,User_14,1,2,5,1
FocusIn,-0.5745826,0.1967464,-0.7944289,-14.54201,9.779009,7.443311,User_14,1,2,5,1
FocusIn,-0.5531821,0.2325583,-0.7999231,-14.52421,9.773051,7.413217,User_14,1,2,5,1
FocusIn,-0.5982868,0.2167035,-0.7714132,-14.51408,9.769322,7.398277,User_14,1,2,5,1
FocusIn,-0.1257163,0.3629534,-0.9232714,-14.56424,9.777268,7.417195,User_14,1,2,5,1
FocusIn,-0.3015581,0.3948116,-0.8678436,-14.66602,9.787213,7.453887,User_14,1,2,5,1
FocusIn,-0.3142073,0.3987539,-0.8615324,-14.66729,9.786886,7.454386,User_14,1,2,5,1
FocusIn,-0.3029861,0.389779,-0.869624,-14.66864,9.786743,7.455823,User_14,1,2,5,1
FocusIn,-0.8186494,0.3051788,-0.4864786,-14.68009,9.788575,7.456465,User_14,1,2,5,1
FocusIn,-0.9191694,0.1956498,-0.3418047,-14.6925,9.787316,7.458724,User_14,1,2,5,1
FocusIn,-0.9513017,0.2130587,-0.2227177,-14.66853,9.787771,7.426952,User_14,1,2,5,1
FocusIn,-0.8904313,0.2179392,-0.3995122,-14.70505,9.779133,7.454674,User_14,1,2,5,1
FocusIn,-0.9919978,0.1237433,0.02448548,-14.68254,9.765545,7.420331,User_14,1,2,5,1
FocusIn,-0.9471835,-0.2627359,-0.1838691,-14.68363,9.706575,7.324437,User_14,1,2,5,1
FocusIn,-0.82679,-0.3965126,-0.3989827,-14.71619,9.706304,7.379738,User_14,1,2,5,1
FocusIn,-0.8556466,-0.4284463,-0.2902996,-14.71146,9.70084,7.373358,User_14,1,2,5,1
FocusIn,-0.7392576,-0.597176,-0.3112165,-14.711,9.649063,7.312711,User_14,1,2,5,1
FocusIn,-0.6688731,-0.6863003,-0.2855949,-14.70329,9.640962,7.296088,User_14,1,2,5,1
FocusIn,-0.4536346,-0.8783709,-0.1504949,-14.70836,9.616609,7.323632,User_14,1,2,5,1
FocusIn,-0.2383263,-0.9709998,-0.01864026,-14.6879,9.522185,7.319961,User_14,1,2,5,1
FocusIn,-0.5522245,-0.8186625,-0.1575427,-14.7433,9.525143,7.358332,User_14,1,2,5,1
FocusIn,-0.7846229,-0.4881146,-0.382203,-14.77322,9.621699,7.299439,User_14,1,2,5,1
FocusIn,-0.5543807,-0.4519916,-0.6988202,-14.79318,9.639006,7.276464,User_14,1,2,5,1
FocusIn,-0.1308873,-0.4940936,-0.8594844,-14.80622,9.656965,7.256129,User_14,1,2,5,1
FocusIn,-0.09501217,-0.1525148,-0.9837132,-14.75006,9.692794,7.188136,User_14,1,2,5,1
FocusIn,-0.1671013,-0.1028303,-0.9805574,-14.68363,9.70145,7.144539,User_14,1,2,5,1
FocusIn,-0.119966,-0.1433552,-0.9823698,-14.70388,9.706729,7.141994,User_14,1,2,5,1
FocusIn,-0.0860684,-0.07590059,-0.9933803,-14.6553,9.710046,7.120745,User_14,1,2,5,1
FocusIn,0.1673213,-0.07970042,-0.9826713,-14.69207,9.715189,7.115985,User_14,1,2,5,1
FocusIn,0.3924185,-0.05443069,-0.9181577,-14.68251,9.716984,7.105491,User_14,1,2,5,1
FocusIn,0.3955305,-0.08153168,-0.9148127,-14.68173,9.720033,7.09967,User_14,1,2,5,1
FocusIn,0.3329599,-0.4775826,-0.8130406,-14.66271,9.730812,7.038951,User_14,1,2,5,1
FocusIn,0.3265652,-0.4406245,-0.8361763,-14.63153,9.720866,7.035727,User_14,1,2,5,1
FocusIn,0.3804005,-0.4469707,-0.809635,-14.68623,9.728878,7.008961,User_14,1,2,5,1
FocusIn,0.4222837,-0.1807473,-0.8882436,-14.62484,9.684208,6.979181,User_14,1,2,5,1
FocusIn,0.5522168,0.08123998,-0.8297157,-14.61719,9.680399,6.984393,User_14,1,2,5,1
FocusIn,0.4986928,-0.1184274,-0.8586308,-14.61721,9.696887,7.031177,User_14,1,2,5,1
FocusIn,0.5137289,-0.1143719,-0.8502846,-14.61867,9.709091,7.057961,User_14,1,2,5,1
FocusIn,0.6305049,-0.020107,-0.77591,-14.6209,9.717264,7.067466,User_14,1,2,5,1
FocusIn,0.9943278,0.1017088,0.03059283,-14.59096,9.746899,7.155067,User_14,1,2,5,1
FocusIn,0.2997116,0.9497917,0.08970967,-14.67179,9.822264,7.119351,User_14,1,2,5,1
FocusIn,0.294515,0.9479375,0.1211123,-14.68326,9.826439,7.087843,User_14,1,2,5,1
FocusIn,0.2576413,0.8090057,0.5283175,-14.67968,9.824307,7.060386,User_14,1,2,5,1
FocusIn,0.1997535,0.7661307,0.6108292,-14.67942,9.824323,7.065125,User_14,1,2,5,1
FocusIn,0.2474102,0.7869999,0.5651493,-14.69547,9.822165,7.108181,User_14,1,2,5,1
FocusIn,0.1861065,0.7462227,0.6391197,-14.67417,9.824935,7.060468,User_14,1,2,5,1
FocusIn,0.2196208,0.7612665,0.6100991,-14.67957,9.823041,7.076394,User_14,1,2,5,1
FocusIn,0.2867516,0.9125544,0.2915137,-14.65607,9.826447,7.067264,User_14,1,2,5,1
FocusIn,0.2968376,0.923812,0.241726,-14.65259,9.827978,7.068963,User_14,1,2,5,1
FocusIn,0.4410561,0.885561,0.1457171,-14.6698,9.822157,7.11417,User_14,1,2,5,1
FocusIn,0.2269118,0.7004367,-0.6766605,-14.71523,9.807742,7.09988,User_14,1,2,5,1
FocusIn,-0.1236196,0.661954,-0.7392683,-14.70937,9.804823,7.147767,User_14,1,2,5,1
FocusIn,-0.2070377,0.6615672,-0.7207153,-14.65938,9.807113,7.165453,User_14,1,2,5,1
FocusIn,-0.1689152,0.6735513,-0.7195722,-14.68828,9.806303,7.160031,User_14,1,2,5,1
FocusIn,-0.1508818,0.6714479,-0.7255203,-14.69527,9.806047,7.160406,User_14,1,2,5,1
FocusIn,-0.01806952,0.7519915,-0.6589076,-14.71775,9.807058,7.168065,User_14,1,2,5,1
FocusIn,-0.0184049,0.7519407,-0.6589562,-14.71774,9.80708,7.168121,User_14,1,2,5,1
FocusIn,-0.0302022,0.7503117,-0.6603877,-14.70921,9.807979,7.170206,User_14,1,2,5,1
FocusIn,-0.001218318,0.8306843,-0.5567244,-14.63562,9.814908,7.16994,User_14,1,2,5,1
FocusIn,0.002906086,0.826506,-0.5628955,-14.63425,9.814438,7.166995,User_14,1,2,5,1
FocusIn,0.03533343,0.8300991,-0.5564715,-14.6513,9.813365,7.161017,User_14,1,2,5,1
FocusIn,0.08129525,0.8292066,-0.5529717,-14.66442,9.812445,7.153486,User_14,1,2,5,1
FocusIn,0.08226095,0.8285466,-0.5538174,-14.66384,9.812438,7.153283,User_14,1,2,5,1
FocusIn,0.07505848,0.8347806,-0.5454243,-14.64878,9.812136,7.149059,User_14,1,2,5,1
FocusIn,0.1153576,0.8468342,-0.519166,-14.64721,9.81195,7.147899,User_14,1,2,5,1
FocusIn,0.0972637,0.1531023,-0.9834064,-14.58831,9.805096,7.103907,User_14,1,2,5,1
FocusIn,0.03942303,0.1716661,-0.9843615,-14.53662,9.803238,7.089852,User_14,1,2,5,1
FocusIn,0.03907422,0.1701781,-0.9846337,-14.53608,9.803237,7.089292,User_14,1,2,5,1
FocusIn,0.1000104,0.1604603,-0.9819592,-14.5762,9.804886,7.085531,User_14,1,2,5,1
FocusIn,0.09195706,0.1660202,-0.9818149,-14.57181,9.804323,7.08057,User_14,1,2,5,1
FocusIn,0.06395575,0.172793,-0.982873,-14.53004,9.800535,7.069435,User_14,1,2,5,1
FocusIn,0.06365985,0.1709381,-0.9832165,-14.52947,9.800458,7.069004,User_14,1,2,5,1
FocusIn,0.01897965,0.1625149,-0.9865068,-14.48874,9.797445,7.063558,User_14,1,2,5,1
FocusIn,0.02544999,0.02098578,-0.9994488,-14.52212,9.798123,7.060415,User_14,1,2,5,1
FocusIn,0.02719686,-0.09465963,-0.9951232,-14.53834,9.797837,7.056804,User_14,1,2,5,1
FocusIn,0.008840512,-0.1258502,-0.9920047,-14.53316,9.796182,7.051886,User_14,1,2,5,1
FocusIn,-0.004997765,-0.1086145,-0.9940602,-14.49999,9.775633,7.022219,User_14,1,2,5,1
FocusIn,-0.02044465,-0.09738381,-0.995031,-14.47627,9.769956,7.009703,User_14,1,2,5,1
FocusIn,-0.3144668,-0.08436583,-0.9455061,-14.42637,9.766103,6.994452,User_14,1,2,5,1
FocusIn,-0.4914526,-0.07625243,-0.8675464,-14.45342,9.76736,6.996328,User_14,1,2,5,1
FocusIn,-0.586552,-0.0721012,-0.8066819,-14.45173,9.767945,6.994699,User_14,1,2,5,1
FocusIn,-0.5631755,-0.08869044,-0.8215524,-14.45842,9.769375,6.992192,User_14,1,2,5,1
FocusIn,-0.5647768,-0.08842007,-0.8204817,-14.45841,9.769406,6.991982,User_14,1,2,5,1
FocusIn,-0.6552277,-0.05986214,-0.7530449,-14.42327,9.767079,6.974095,User_14,1,2,5,1
FocusIn,-0.5150264,-0.1098123,-0.8501031,-14.48311,9.774417,6.989535,User_14,1,2,5,1
FocusIn,-0.5689119,-0.07450822,-0.8190059,-14.46067,9.773494,6.960105,User_14,1,2,5,1
FocusIn,-0.4120008,-0.03091881,-0.9106455,-14.4907,9.778061,6.968334,User_14,1,2,5,1
FocusIn,-0.3534775,0.08959792,-0.9311321,-14.44243,9.768378,6.932559,User_14,1,2,5,1
FocusIn,-0.3576472,0.08273104,-0.9301734,-14.44653,9.764821,6.92483,User_14,1,2,5,1
FocusIn,-0.3207917,0.0809138,-0.9436738,-14.47707,9.761128,6.91693,User_14,1,2,5,1
FocusIn,0.1843161,0.01764062,-0.9826932,-14.50943,9.767715,6.913192,User_14,1,2,5,1
FocusIn,0.2012881,-0.02184573,-0.9792812,-14.50805,9.767811,6.908405,User_14,1,2,5,1
FocusIn,0.1871951,-0.06031109,-0.9804575,-14.48216,9.765383,6.860311,User_14,1,2,5,1
FocusIn,0.1773308,0.02214022,-0.9839011,-14.4306,9.75968,6.841162,User_14,1,2,5,1
FocusIn,0.1287161,0.04225592,-0.9907708,-14.42047,9.759609,6.834105,User_14,1,2,5,1
FocusIn,0.1071151,-0.006150004,-0.9942144,-14.42831,9.763206,6.816043,User_14,1,2,5,1
FocusIn,0.1216962,0.009545553,-0.9925166,-14.44977,9.765829,6.803311,User_14,1,2,5,1
FocusIn,0.1035509,0.03912851,-0.9938393,-14.41377,9.761107,6.788849,User_14,1,2,5,1
FocusIn,0.1287622,0.03679312,-0.9909774,-14.42193,9.76158,6.775077,User_14,1,2,5,1
FocusIn,0.07936,0.05423764,-0.9953553,-14.38587,9.757845,6.739332,User_14,1,2,5,1
FocusIn,-0.08057027,0.06837394,-0.9943923,-14.37674,9.761606,6.732337,User_14,1,2,5,1
FocusIn,-0.08003293,0.06874656,-0.99441,-14.37683,9.761646,6.732346,User_14,1,2,5,1
FocusIn,-0.08418386,0.1497043,-0.9851307,-14.37785,9.761705,6.731797,User_14,1,2,5,1
FocusIn,0.04333748,0.2652131,-0.9632105,-14.41027,9.765502,6.734233,User_14,1,2,5,1
FocusIn,-0.02398973,0.1455562,-0.9890535,-14.43273,9.771583,6.739871,User_14,1,2,5,1
FocusIn,-0.0235547,0.1462878,-0.9889561,-14.43286,9.771668,6.7399,User_14,1,2,5,1
FocusIn,-0.01799176,0.1426444,-0.9895996,-14.43884,9.773039,6.740639,User_14,1,2,5,1
FocusIn,-0.2375703,0.2673624,-0.9338361,-14.42414,9.770649,6.734856,User_14,1,2,5,1
FocusIn,-0.02835786,0.5102236,-0.8595625,-14.436,9.774102,6.733187,User_14,1,2,5,1
FocusIn,-0.03677597,0.4736755,-0.8799284,-14.41984,9.779309,6.73801,User_14,1,2,5,1
FocusIn,-0.009877381,0.4572675,-0.8892593,-14.43922,9.78161,6.74326,User_14,1,2,5,1
FocusIn,0.02037051,0.4890615,-0.8719952,-14.44192,9.782121,6.742985,User_14,1,2,5,1
FocusIn,0.000619676,0.4825379,-0.8758711,-14.43398,9.782332,6.742775,User_14,1,2,5,1
FocusIn,-0.02571343,0.4842827,-0.8745276,-14.41661,9.781974,6.741873,User_14,1,2,5,1
FocusIn,0.1111223,0.4902257,-0.8644725,-14.46145,9.784519,6.748216,User_14,1,2,5,1
FocusIn,0.29941,0.2597445,-0.9180835,-14.45955,9.785238,6.758073,User_14,1,2,5,1
FocusIn,0.346729,0.2325321,-0.9086722,-14.45756,9.784873,6.755558,User_14,1,2,5,1
FocusIn,0.3221996,0.2403225,-0.9156528,-14.44561,9.7848,6.754919,User_14,1,2,5,1
FocusIn,0.2987309,0.2542571,-0.9198425,-14.4243,9.783937,6.751923,User_14,1,2,5,1
FocusIn,0.3218468,0.2556007,-0.9116295,-14.42694,9.784162,6.751782,User_14,1,2,5,1
FocusIn,0.2827705,0.1090544,-0.9529606,-14.44817,9.786591,6.758486,User_14,1,2,5,1
FocusIn,0.1362086,0.3242297,-0.9361121,-14.41545,9.786098,6.759498,User_14,1,2,5,1
FocusIn,0.1592523,0.3572247,-0.9203374,-14.4144,9.785758,6.758152,User_14,1,2,5,1
FocusIn,0.2255857,0.3464972,-0.9105055,-14.44505,9.786718,6.761117,User_14,1,2,5,1
FocusIn,-0.05095912,0.429755,-0.9014916,-14.37261,9.783985,6.751819,User_14,1,2,5,1
FocusIn,-0.1678153,0.4192886,-0.8921975,-14.40003,9.785531,6.755469,User_14,1,2,5,1
FocusIn,-0.1677488,0.4192173,-0.8922435,-14.39991,9.785526,6.755477,User_14,1,2,5,1
FocusIn,-0.2882106,0.6497871,-0.7033371,-14.38239,9.804434,6.75199,User_14,1,2,5,1
FocusIn,-0.2476532,0.7126417,-0.6563419,-14.38114,9.808486,6.755846,User_14,1,2,5,1
FocusIn,-0.1810626,0.7993364,-0.572948,-14.37376,9.815572,6.760292,User_14,1,2,5,1
FocusIn,-0.1504277,0.8372011,-0.5257758,-14.38087,9.822273,6.777321,User_14,1,2,5,1
FocusIn,-0.1191502,0.8605201,-0.4952605,-14.38695,9.821869,6.783287,User_14,1,2,5,1
FocusIn,-0.03326748,0.9184847,-0.3940236,-14.39186,9.821874,6.790667,User_14,1,2,5,1
FocusIn,-0.1139485,0.9167004,-0.3829577,-14.35311,9.823746,6.78165,User_14,1,2,5,1
FocusIn,-0.1014134,0.9191971,-0.3804804,-14.354,9.823861,6.782664,User_14,1,2,5,1
FocusIn,-0.04406169,0.9261137,-0.3746459,-14.38382,9.822733,6.795504,User_14,1,2,5,1
FocusIn,-0.002180431,0.9507087,-0.3100561,-14.36266,9.824981,6.790008,User_14,1,2,5,1
FocusIn,-0.06327748,0.8812463,-0.4683855,-14.38494,9.821974,6.813978,User_14,1,2,5,1
FocusIn,-0.02724707,0.9100114,-0.413654,-14.36376,9.824419,6.798992,User_14,1,2,5,1
FocusIn,-0.1098007,0.907957,-0.4044072,-14.3342,9.825718,6.782248,User_14,1,2,5,1
FocusIn,-0.09511898,0.9082463,-0.4074644,-14.34804,9.82567,6.792161,User_14,1,2,5,1
FocusIn,-0.07985024,0.9067469,-0.4140314,-14.35861,9.826331,6.798865,User_14,1,2,5,1
FocusIn,-0.06152751,0.9129334,-0.4034037,-14.36635,9.826276,6.805624,User_14,1,2,5,1
FocusIn,-0.03180275,0.9216077,-0.3867723,-14.36141,9.827613,6.801517,User_14,1,2,5,1
FocusIn,-0.03660672,0.932159,-0.3601675,-14.34826,9.829114,6.789189,User_14,1,2,5,1
FocusIn,0.005288236,0.9143827,-0.404804,-14.38663,9.827175,6.817623,User_14,1,2,5,1
FocusIn,-0.182235,0.951435,-0.2480501,-14.37232,9.829502,6.798426,User_14,1,2,5,1
FocusIn,-0.2112126,0.9578889,-0.1944374,-14.35438,9.829955,6.776803,User_14,1,2,5,1
FocusIn,-0.1271652,0.9460788,-0.2978864,-14.39924,9.829749,6.817797,User_14,1,2,5,1
FocusIn,-0.1932432,0.9495006,-0.2471443,-14.36288,9.826881,6.783857,User_14,1,2,5,1
FocusIn,-0.1912016,0.9527763,-0.2358673,-14.36051,9.826669,6.780651,User_14,1,2,5,1
FocusIn,-0.1875645,0.9547126,-0.230911,-14.36184,9.826502,6.781091,User_14,1,2,5,1
FocusIn,-0.04147458,0.9586616,-0.2814822,-14.41555,9.82844,6.835973,User_14,1,2,5,1
FocusIn,-0.02843827,0.9557458,-0.2927908,-14.41639,9.829249,6.83475,User_14,1,2,5,1
FocusIn,-0.02780525,0.9559396,-0.2922185,-14.41635,9.829288,6.834733,User_14,1,2,5,1
FocusIn,-0.08137735,0.9466375,-0.311832,-14.41328,9.82875,6.834291,User_14,1,2,5,1
FocusIn,-0.1308095,0.9487996,-0.2875116,-14.38779,9.827736,6.814454,User_14,1,2,5,1
FocusIn,0.1107406,0.9926333,-0.04887233,-14.38581,9.83141,6.802028,User_14,1,2,5,1
FocusIn,0.111227,0.9925979,-0.04848555,-14.38574,9.831453,6.80202,User_14,1,2,5,1
FocusIn,0.0328864,0.9869906,-0.1572828,-14.39599,9.831112,6.814344,User_14,1,2,5,1
FocusIn,-0.1115559,0.9492726,-0.2939824,-14.39685,9.829657,6.821035,User_14,1,2,5,1
FocusIn,-0.1109389,0.9494779,-0.2935525,-14.39688,9.829805,6.820996,User_14,1,2,5,1
FocusIn,-0.1174363,0.9549216,-0.2726142,-14.38384,9.829557,6.810853,User_14,1,2,5,1
FocusIn,-0.1256004,0.9553481,-0.2674466,-14.38239,9.829858,6.810094,User_14,1,2,5,1
FocusIn,-0.02346542,0.9750187,-0.2208146,-14.40768,9.831885,6.829211,User_14,1,2,5,1
FocusIn,0.05738855,0.9853502,-0.1605486,-14.40774,9.832803,6.828463,User_14,1,2,5,1
FocusIn,0.118087,0.9905432,-0.06965841,-14.39871,9.834127,6.820109,User_14,1,2,5,1
FocusIn,0.05917948,0.9915022,-0.115755,-14.38423,9.833338,6.812441,User_14,1,2,5,1
FocusIn,0.2372671,0.8995524,-0.3667428,-14.37472,9.832041,6.801962,User_14,1,2,5,1
FocusIn,-0.1164692,0.9225402,-0.3678683,-14.42246,9.822619,6.786206,User_14,1,2,5,1
FocusIn,-0.2458709,0.9478584,-0.202693,-14.40392,9.826002,6.756833,User_14,1,2,5,1
FocusIn,-0.4239576,0.9014163,-0.08771942,-14.41452,9.824711,6.773264,User_14,1,2,5,1
FocusIn,-0.3515677,0.9309629,-0.09837182,-14.43069,9.82337,6.799826,User_14,1,2,5,1
FocusIn,-0.4142801,0.9093483,-0.03786939,-14.40454,9.827422,6.756967,User_14,1,2,5,1
FocusIn,-0.415164,0.909008,-0.03632791,-14.40434,9.827465,6.756731,User_14,1,2,5,1
FocusIn,-0.6145444,0.7106431,0.3425036,-14.37633,9.824652,6.72689,User_14,1,2,5,1
FocusIn,-0.5214742,0.6096467,0.5969766,-14.36034,9.817796,6.749338,User_14,1,2,5,1
FocusIn,-0.6350707,0.1429463,0.7590933,-14.28784,9.809009,6.855235,User_14,1,2,5,1
FocusIn,-0.3947463,0.1363657,0.9086082,-14.31525,9.798378,6.88216,User_14,1,2,5,1
FocusIn,-0.2173022,0.09492045,0.9714683,-14.32629,9.788103,6.890471,User_14,1,2,5,1
FocusIn,-0.2171899,0.09425743,0.9715579,-14.32644,9.788085,6.890413,User_14,1,2,5,1
FocusIn,-0.09137508,0.1491496,0.9845733,-14.39007,9.786777,6.87056,User_14,1,2,5,1
FocusIn,-0.06374332,0.1295014,0.989514,-14.39537,9.785391,6.873188,User_14,1,2,5,1
FocusIn,-0.0624771,0.1302627,0.9894948,-14.39565,9.785346,6.873311,User_14,1,2,5,1
FocusIn,-0.09456351,0.1331359,0.9865693,-14.39168,9.785233,6.877072,User_14,1,2,5,1
FocusIn,-0.1646948,0.1091801,0.9802716,-14.35811,9.786845,6.887745,User_14,1,2,5,1
FocusIn,-0.1687087,0.1097061,0.9795272,-14.37658,9.782265,6.88801,User_14,1,2,5,1
FocusIn,-0.1112608,0.1110664,0.9875507,-14.43185,9.776939,6.877382,User_14,1,2,5,1
FocusIn,-0.1139013,0.118045,0.9864496,-14.4391,9.775743,6.877638,User_14,1,2,5,1
FocusIn,-0.1509453,0.1171001,0.9815771,-14.42409,9.775416,6.884891,User_14,1,2,5,1
FocusIn,-0.1508604,0.1171597,0.9815831,-14.42466,9.775435,6.884751,User_14,1,2,5,1
FocusIn,-0.1329753,0.1143793,0.9844807,-14.43883,9.773228,6.883589,User_14,1,2,5,1
FocusIn,-0.1839325,0.06031061,0.9810738,-14.40707,9.778326,6.892571,User_14,1,2,5,1
FocusIn,-0.1842921,0.06041593,0.9809998,-14.4073,9.778323,6.892608,User_14,1,2,5,1
FocusIn,-0.1635068,0.1892671,0.968203,-14.41282,9.779392,6.894862,User_14,1,2,5,1
FocusIn,-0.1626284,0.1848349,0.9692155,-14.41167,9.779861,6.895934,User_14,1,2,5,1
FocusIn,-0.07066038,-0.4555255,0.8874015,-14.37343,9.760867,6.936286,User_14,1,2,5,1
FocusIn,-0.09014578,-0.4377859,0.8945352,-14.36976,9.756682,6.943786,User_14,1,2,5,1
FocusIn,-0.08955276,-0.4394087,0.8937989,-14.36958,9.756472,6.944162,User_14,1,2,5,1
FocusIn,-0.05901133,-0.5041848,0.8615662,-14.42864,9.747312,6.935977,User_14,1,2,5,1
FocusIn,-0.07318962,-0.420307,0.9044182,-14.40447,9.746439,6.946925,User_14,1,2,5,1
FocusIn,-0.1126243,-0.2514988,0.9612795,-14.34518,9.739497,7.009484,User_14,1,2,5,1
FocusIn,-0.04018941,-0.003437878,0.9991772,-14.37311,9.736648,7.014218,User_14,1,2,5,1
FocusIn,-0.06900188,0.1173169,0.9906845,-14.36902,9.738161,7.02326,User_14,1,2,5,1
FocusIn,-0.1070217,0.1168929,0.9873481,-14.33423,9.741611,7.040094,User_14,1,2,5,1
FocusIn,-0.1013713,-0.02193609,0.9945924,-14.26753,9.749082,7.169813,User_14,1,2,5,1
FocusIn,-0.2392091,-0.6557761,0.716044,-14.28105,9.723315,7.288163,User_14,1,2,5,1
FocusIn,-0.06690555,-0.7509025,0.6569897,-14.31419,9.717908,7.291928,User_14,1,2,5,1
FocusIn,-0.2198836,-0.6696534,0.7093575,-14.2586,9.71444,7.323677,User_14,1,2,5,1
FocusIn,-0.2030179,-0.6720615,0.7121088,-14.26688,9.709503,7.335439,User_14,1,2,5,1
FocusIn,-0.2040109,-0.6629654,0.7203014,-14.27389,9.702962,7.355071,User_14,1,2,5,1
FocusIn,-0.2045296,-0.6716175,0.712086,-14.27766,9.699781,7.365005,User_14,1,2,5,1
FocusIn,-0.1788633,-0.6599637,0.7296874,-14.31218,9.680007,7.41713,User_14,1,2,5,1
FocusIn,-0.1936757,-0.5117791,0.8369839,-14.2843,9.672241,7.718174,User_14,1,2,5,1
FocusIn,-0.4780192,-0.315683,0.8196434,-14.28487,9.674312,7.7354,User_14,1,2,5,1
FocusIn,-0.5862299,-0.2582406,0.7678711,-14.2872,9.674785,7.742118,User_14,1,2,5,1
FocusIn,-0.5943863,-0.1460706,0.7907951,-14.31733,9.694652,7.834402,User_14,1,2,5,1
FocusIn,-0.611338,-0.05591181,0.7893673,-14.33947,9.692071,7.833102,User_14,1,2,5,1
FocusIn,-0.6117403,-0.05545393,0.7890878,-14.33963,9.692206,7.833546,User_14,1,2,5,1
FocusIn,-0.6025406,-0.1210867,0.7888469,-14.31959,9.69565,7.851255,User_14,1,2,5,1
FocusIn,-0.6618785,0.2204868,0.7164393,-14.24384,9.756948,7.928457,User_14,1,2,5,1
FocusIn,-0.5175753,0.207407,0.8301129,-14.33741,9.746618,7.965933,User_14,1,2,5,1
FocusIn,-0.2662012,0.2411022,0.9332595,-14.39672,9.756212,8.037253,User_14,1,2,5,1
FocusIn,-0.1983253,0.2441027,0.9492415,-14.4009,9.757015,8.042539,User_14,1,2,5,1
FocusIn,-0.5811788,0.05272671,0.8120586,-14.41718,9.754053,8.185274,User_14,1,2,5,1
FocusIn,-0.6863391,-0.2542251,0.6813843,-14.37933,9.761145,8.272337,User_14,1,2,5,1
FocusIn,-0.6283976,0.1511781,0.7630473,-14.37838,9.761617,8.279773,User_14,1,2,5,1
FocusIn,-0.3473788,0.3362295,0.8753576,-14.40858,9.756339,8.396275,User_14,1,2,5,1
FocusIn,0.1686822,0.08894613,0.9816319,-14.46263,9.759026,8.442358,User_14,1,2,5,1
FocusIn,0.1443301,0.04290713,0.9885866,-14.4378,9.758247,8.46187,User_14,1,2,5,1
FocusIn,0.2171429,0.02316161,0.9758538,-14.43037,9.749328,8.530879,User_14,1,2,5,1
FocusIn,0.2178636,0.02304145,0.975696,-14.43024,9.749261,8.531408,User_14,1,2,5,1
FocusIn,0.2188904,0.02287544,0.97547,-14.43004,9.749163,8.532182,User_14,1,2,5,1
FocusIn,0.182987,0.02107237,0.9828709,-14.42767,9.748328,8.539122,User_14,1,2,5,1
FocusIn,-0.1070308,-0.0929065,0.9898899,-14.41091,9.73377,8.67013,User_14,1,2,5,1
FocusIn,-0.1296656,-0.834006,0.5362887,-14.39043,9.691931,8.789124,User_14,1,2,5,1
FocusIn,-0.1454345,-0.835979,0.5291081,-14.41354,9.665175,8.835595,User_14,1,2,5,1
FocusIn,-0.1577262,-0.823314,0.5452056,-14.42706,9.659315,8.840361,User_14,1,2,5,1
FocusIn,-0.1130447,-0.8199149,0.5612075,-14.48617,9.635266,8.847568,User_14,1,2,5,1
FocusIn,-0.1144507,-0.8206212,0.5598644,-14.47316,9.633148,8.86039,User_14,1,2,5,1
FocusIn,-0.4519851,-0.1173089,0.8842601,-14.51291,9.631019,8.907383,User_14,1,2,5,1
FocusIn,-0.4143065,-0.2094911,0.8856927,-14.53046,9.666987,8.898653,User_14,1,2,5,1
FocusIn,-0.5419442,0.09217287,0.8353307,-14.50415,9.69438,8.900165,User_14,1,2,5,1
FocusIn,-0.5031014,0.05395726,0.8625356,-14.53287,9.702034,8.878265,User_14,1,2,5,1
FocusIn,-0.5434672,0.02273734,0.8391047,-14.48203,9.719496,8.886094,User_14,1,2,5,1
FocusIn,-0.5406372,0.02749548,0.8407964,-14.47429,9.725503,8.88236,User_14,1,2,5,1
FocusIn,-0.5349959,0.02480946,0.8444782,-14.47985,9.735073,8.862847,User_14,1,2,5,1
FocusIn,-0.6595196,0.15058,0.7364343,-14.46118,9.747308,8.850316,User_14,1,2,5,1
FocusIn,-0.339894,-0.3844106,0.8582987,-14.46228,9.697946,8.833803,User_14,1,2,5,1
FocusIn,-0.2901591,-0.4207404,0.8595235,-14.46145,9.693818,8.835824,User_14,1,2,5,1
FocusIn,-0.3144813,-0.4091508,0.8565519,-14.43435,9.692445,8.85288,User_14,1,2,5,1
FocusIn,-0.271429,-0.3841768,0.882453,-14.48594,9.681233,8.828605,User_14,1,2,5,1
FocusIn,-0.2893512,-0.406652,0.8665365,-14.46046,9.677938,8.844699,User_14,1,2,5,1
FocusIn,-0.07043862,-0.5872436,0.8063349,-14.41734,9.667215,8.86534,User_14,1,2,5,1
FocusIn,0.1618886,-0.793313,0.5868746,-14.35136,9.629447,8.860429,User_14,1,2,5,1
FocusIn,0.1810268,-0.7828153,0.5953199,-14.3954,9.636803,8.866998,User_14,1,2,5,1
FocusIn,-0.1920301,-0.2554344,0.9475585,-14.40355,9.667222,8.860888,User_14,1,2,5,1
FocusIn,-0.4509243,0.01745113,0.8923752,-14.43279,9.695232,8.856439,User_14,1,2,5,1
FocusIn,-0.4540687,0.02159689,0.8906885,-14.43317,9.695669,8.856265,User_14,1,2,5,1
FocusIn,-0.4608559,-0.01085168,0.8873894,-14.44019,9.701743,8.853294,User_14,1,2,5,1
FocusIn,-0.4577939,-0.009226371,0.8890071,-14.44836,9.708698,8.85138,User_14,1,2,5,1
FocusIn,-0.6107258,0.1803535,0.7710182,-14.45885,9.729493,8.840715,User_14,1,2,5,1
FocusIn,-0.7607715,0.3483699,0.5475697,-14.44602,9.750465,8.914761,User_14,1,2,5,1
FocusIn,-0.6032333,0.7603716,0.2406434,-14.42474,9.770023,9.061427,User_14,1,2,5,1
FocusIn,-0.4538336,0.8781775,0.151073,-14.39388,9.783983,9.107165,User_14,1,2,5,1
FocusIn,-0.4680798,0.8711485,0.1482258,-14.39133,9.785606,9.108912,User_14,1,2,5,1
FocusIn,-0.4592314,0.870389,0.1775175,-14.39707,9.786339,9.097753,User_14,1,2,5,1
FocusIn,-0.3989661,0.9129403,0.08561622,-14.36777,9.788995,9.118752,User_14,1,2,5,1
FocusIn,-0.3218309,0.9359922,0.1425617,-14.39553,9.789497,9.072481,User_14,1,2,5,1
FocusIn,-0.399318,0.9111134,0.1018887,-14.3555,9.787663,9.109919,User_14,1,2,5,1
FocusIn,-0.2721414,0.9563549,0.1063682,-14.37303,9.789067,9.087453,User_14,1,2,5,1
FocusIn,-0.216463,0.9602164,0.1763437,-14.3849,9.78912,9.066964,User_14,1,2,5,1
FocusIn,-0.3361947,0.9092192,-0.2454682,-14.30439,9.776515,9.240669,User_14,1,2,5,1
FocusIn,-0.2380205,0.9259128,-0.2932699,-14.31895,9.777067,9.217123,User_14,1,2,5,1
FocusIn,-0.2354603,0.9011959,-0.3638467,-14.3099,9.777891,9.246977,User_14,1,2,5,1
FocusIn,-0.2074965,0.9078364,-0.3643729,-14.31343,9.772168,9.255421,User_14,1,2,5,1
FocusIn,-0.08511115,0.9234942,-0.3740198,-14.32646,9.770628,9.223701,User_14,1,2,5,1
FocusIn,-0.1029228,0.9251303,-0.3653952,-14.32463,9.770836,9.23134,User_14,1,2,5,1
FocusIn,-0.3309313,0.8742334,-0.3552351,-14.32155,9.774365,9.292645,User_14,1,2,5,1
FocusIn,-0.3139318,0.8517146,-0.4195105,-14.32608,9.77527,9.294353,User_14,1,2,5,1
FocusIn,-0.3143688,0.8528813,-0.4168178,-14.33417,9.774343,9.280876,User_14,1,2,5,1
FocusIn,-0.3141198,0.8526261,-0.4175269,-14.33439,9.774354,9.28091,User_14,1,2,5,1
FocusIn,-0.4527345,0.791913,-0.4097315,-14.35549,9.770311,9.234268,User_14,1,2,5,1
FocusIn,-0.3168,0.8031009,-0.5046267,-14.37489,9.773014,9.263687,User_14,1,2,5,1
FocusIn,-0.2772586,0.7574258,-0.5911075,-14.38529,9.774198,9.278792,User_14,1,2,5,1
FocusIn,-0.2749031,0.7570837,-0.592644,-14.38553,9.774199,9.278563,User_14,1,2,5,1
FocusIn,-0.2328397,0.7151354,-0.6590502,-14.36425,9.768807,9.227677,User_14,1,2,5,1
FocusIn,-0.2431017,0.6914879,-0.680249,-14.36437,9.768467,9.226103,User_14,1,2,5,1
FocusIn,-0.1828222,0.6413072,-0.7451586,-14.3946,9.773501,9.260057,User_14,1,2,5,1
FocusIn,-0.0735882,-0.1453802,-0.9866276,-14.40771,9.74377,9.19882,User_14,1,2,5,1
FocusIn,-0.06880848,-0.1239803,-0.9898903,-14.40894,9.742278,9.195477,User_14,1,2,5,1
FocusIn,-0.4366855,-0.1724047,-0.8829355,-14.38625,9.719041,9.171716,User_14,1,2,5,1
FocusIn,-0.477082,-0.2272889,-0.8489428,-14.4197,9.716697,9.181649,User_14,1,2,5,1
FocusIn,-0.5307031,-0.1903701,-0.8258945,-14.38232,9.708326,9.162396,User_14,1,2,5,1
FocusIn,-0.5283721,-0.1959237,-0.8260922,-14.38105,9.707365,9.16101,User_14,1,2,5,1
FocusIn,-0.5010064,-0.20315,-0.8412572,-14.40746,9.709839,9.173947,User_14,1,2,5,1
FocusIn,-0.502694,-0.2039445,-0.8400573,-14.4076,9.709749,9.173971,User_14,1,2,5,1
FocusIn,-0.5947727,-0.519237,-0.6136956,-14.43064,9.704535,9.197169,User_14,1,2,5,1
FocusIn,-0.874876,-0.2725587,-0.4003626,-14.41497,9.687078,9.219998,User_14,1,2,5,1
FocusIn,-0.9558585,-0.2053255,-0.2101008,-14.41533,9.686032,9.2232,User_14,1,2,5,1
FocusIn,-0.8562456,-0.3517471,0.3782972,-14.40073,9.675555,9.28451,User_14,1,2,5,1
FocusIn,-0.779383,-0.3412293,0.5254564,-14.39946,9.674659,9.286527,User_14,1,2,5,1
FocusIn,-0.7919071,-0.3937173,0.4667351,-14.39223,9.680305,9.320918,User_14,1,2,5,1
FocusIn,-0.668507,-0.3118442,0.6751617,-14.39368,9.670815,9.293667,User_14,1,2,5,1
FocusIn,-0.6665605,-0.3117998,0.6771039,-14.39366,9.670844,9.293959,User_14,1,2,5,1
FocusIn,-0.4497595,-0.2910946,0.8443661,-14.36184,9.681548,9.35265,User_14,1,2,5,1
FocusIn,-0.4891461,-0.3180785,0.8121198,-14.35561,9.685301,9.352566,User_14,1,2,5,1
FocusIn,0.1368023,-0.2991948,0.9443217,-14.33233,9.688439,9.345042,User_14,1,2,5,1
FocusIn,0.2457858,-0.2320431,0.9411336,-14.3705,9.682613,9.327498,User_14,1,2,5,1
FocusIn,0.2503304,-0.2319612,0.9399552,-14.37044,9.682644,9.327438,User_14,1,2,5,1
FocusIn,0.2489255,-0.2184118,0.9435702,-14.37854,9.682422,9.322707,User_14,1,2,5,1
FocusIn,0.1130372,-0.3162286,0.9419074,-14.32497,9.687958,9.321287,User_14,1,2,5,1
FocusIn,0.1172107,-0.317044,0.9411229,-14.3249,9.687855,9.320958,User_14,1,2,5,1
FocusIn,0.13253,-0.2936218,0.9466837,-14.32403,9.684396,9.313158,User_14,1,2,5,1
FocusIn,0.3592375,-0.4725338,0.8047612,-14.35008,9.672644,9.300859,User_14,1,2,5,1
FocusIn,0.3161053,-0.5248562,0.7903073,-14.31393,9.670465,9.269599,User_14,1,2,5,1
FocusIn,0.3408963,-0.5179953,0.7845134,-14.32409,9.661975,9.265793,User_14,1,2,5,1
FocusIn,0.3408574,-0.5186364,0.7841067,-14.32391,9.661942,9.265614,User_14,1,2,5,1
FocusIn,0.3184154,-0.2688796,0.9090144,-14.22415,9.656799,9.299209,User_14,1,2,5,1
FocusIn,0.3222281,-0.2423711,0.9150988,-14.21386,9.658402,9.303125,User_14,1,2,5,1
FocusIn,0.3969174,-0.2437914,0.8848798,-14.22002,9.663239,9.33941,User_14,1,2,5,1
FocusIn,0.4907756,-0.1783284,0.852827,-14.21165,9.667274,9.340105,User_14,1,2,5,1
FocusIn,0.6781349,0.008799371,0.7348793,-14.17092,9.674379,9.337412,User_14,1,2,5,1
FocusIn,0.4800896,0.1806626,0.858402,-14.09453,9.709527,9.329087,User_14,1,2,5,1
FocusIn,0.3224062,0.224668,0.9195353,-14.07974,9.724014,9.299838,User_14,1,2,5,1
FocusIn,0.3230942,0.2333987,0.9171184,-14.08271,9.724742,9.300476,User_14,1,2,5,1
FocusIn,0.3272837,0.2631483,0.9075339,-14.09263,9.725496,9.305861,User_14,1,2,5,1
FocusIn,0.3471293,0.2427382,0.9058481,-14.1013,9.726127,9.309878,User_14,1,2,5,1
FocusIn,0.3228094,0.2454406,0.914065,-14.09057,9.727479,9.298985,User_14,1,2,5,1
FocusIn,0.268915,0.377433,0.8861151,-14.11157,9.726151,9.317739,User_14,1,2,5,1
FocusIn,0.3649381,0.2910883,0.8843412,-14.13717,9.727499,9.329526,User_14,1,2,5,1
FocusIn,0.3534944,0.2733151,0.8945984,-14.12506,9.729996,9.317575,User_14,1,2,5,1
FocusIn,0.3323749,0.2459337,0.9105107,-14.10593,9.735459,9.293112,User_14,1,2,5,1
FocusIn,0.3343307,0.2417882,0.9108982,-14.109,9.735774,9.292163,User_14,1,2,5,1
FocusIn,0.6665123,0.08374386,0.7407628,-14.1385,9.733754,9.299622,User_14,1,2,5,1
FocusIn,0.9194636,0.1623448,-0.3580609,-14.16958,9.732684,9.219793,User_14,1,2,5,1
FocusIn,0.5134638,0.2498312,-0.8209327,-14.1853,9.728312,9.24498,User_14,1,2,5,1
FocusIn,0.4177901,0.2709406,-0.8671954,-14.1738,9.724477,9.271239,User_14,1,2,5,1
FocusIn,0.5119964,0.258522,-0.8191411,-14.21186,9.728362,9.251536,User_14,1,2,5,1
FocusIn,0.5065944,0.2373313,-0.8288627,-14.20237,9.727193,9.26734,User_14,1,2,5,1
FocusIn,0.3273887,0.1257954,-0.9364662,-14.19395,9.724855,9.274151,User_14,1,2,5,1
FocusIn,0.3268938,0.015248,-0.9449313,-14.21843,9.727714,9.254851,User_14,1,2,5,1
FocusIn,0.3125866,-0.009552892,-0.9498339,-14.21939,9.727627,9.256369,User_14,1,2,5,1
FocusIn,0.4119734,-0.02559136,-0.9108263,-14.24386,9.731129,9.239612,User_14,1,2,5,1
FocusIn,0.2784861,-0.0185438,-0.9602472,-14.20646,9.725416,9.279401,User_14,1,2,5,1
FocusIn,0.3049581,0.2912217,-0.9067397,-14.22686,9.731907,9.272165,User_14,1,2,5,1
FocusIn,0.8824559,0.4144736,0.2224162,-14.22639,9.750521,9.281571,User_14,1,2,5,1
